ts,open,high,low,close,volume
2024-04-16 16:00:00+00:00,1.7955,1.8837,1.7855,1.8584,45508.0
2024-04-16 20:00:00+00:00,1.8644,1.9266,1.853,1.9056,11741.0
2024-04-17 00:00:00+00:00,1.895,1.9,1.8656,1.8887,3088.0
2024-04-17 04:00:00+00:00,1.9283,1.936,1.8968,1.903,3805.0
2024-04-17 08:00:00+00:00,1.9041,1.9116,1.852,1.852,10446.0
2024-04-17 12:00:00+00:00,1.8506,1.8626,1.7886,1.8052,17413.0
2024-04-17 16:00:00+00:00,1.8035,1.9397,1.7791,1.9058,15700.0
2024-04-17 20:00:00+00:00,1.8934,1.9069,1.8627,1.8634,12121.0
2024-04-18 00:00:00+00:00,1.8769,1.9228,1.8174,1.9124,29933.0
2024-04-18 04:00:00+00:00,1.917,1.9231,1.8571,1.8571,7730.0
2024-04-18 08:00:00+00:00,1.8566,1.9573,1.8455,1.9513,16958.0
2024-04-18 12:00:00+00:00,1.9414,2.0158,1.9076,1.9995,19454.0
2024-04-18 16:00:00+00:00,2.0009,2.0122,1.9474,1.987,9631.0
2024-04-18 20:00:00+00:00,1.9888,2.0308,1.9837,2.0109,22528.0
2024-04-19 00:00:00+00:00,2.0125,2.0292,1.8785,1.9831,18614.0
2024-04-19 04:00:00+00:00,1.973,2.0964,1.973,2.047,318682.0
2024-04-19 08:00:00+00:00,2.0442,2.0859,2.0442,2.059,21102.0
2024-04-19 12:00:00+00:00,2.053,2.076,2.0316,2.0605,7617.0
2024-04-19 16:00:00+00:00,2.056,2.1054,2.0349,2.0755,37181.0
2024-04-19 20:00:00+00:00,2.0491,2.0601,2.0069,2.0454,3020.0
2024-04-20 00:00:00+00:00,2.0363,2.0496,2.0074,2.0145,3095.0
2024-04-20 04:00:00+00:00,2.0294,2.0489,2.0282,2.0468,6243.0
2024-04-20 08:00:00+00:00,2.0436,2.0463,2.0045,2.0234,32032.0
2024-04-20 12:00:00+00:00,2.0228,2.1247,2.0208,2.1247,24774.0
2024-04-20 16:00:00+00:00,2.1225,2.1967,2.11,2.1883,19086.0
2024-04-20 20:00:00+00:00,2.1995,2.2056,2.1828,2.2055,11588.0
2024-04-21 00:00:00+00:00,2.2031,2.2253,2.1726,2.2077,17914.0
2024-04-21 04:00:00+00:00,2.2007,2.2098,2.1837,2.1934,6013.0
2024-04-21 08:00:00+00:00,2.2035,2.2035,2.1619,2.1913,10143.0
2024-04-21 12:00:00+00:00,2.1942,2.1942,2.1458,2.1703,6348.0
2024-04-21 16:00:00+00:00,2.1617,2.1888,2.121,2.1704,12631.0
2024-04-21 20:00:00+00:00,2.1652,2.2024,2.1601,2.1805,8748.0
2024-04-22 00:00:00+00:00,2.1758,2.2408,2.1674,2.2307,12485.0
2024-04-22 04:00:00+00:00,2.227,2.2663,2.2257,2.2363,16241.0
2024-04-22 08:00:00+00:00,2.2365,2.2927,2.2282,2.2586,25418.0
2024-04-22 12:00:00+00:00,2.2591,2.2927,2.247,2.2813,22032.0
2024-04-22 16:00:00+00:00,2.284,2.3561,2.2687,2.3237,49406.0
2024-04-22 20:00:00+00:00,2.3297,2.4331,2.3297,2.3795,30056.0
2024-04-23 00:00:00+00:00,2.3878,2.4553,2.386,2.3915,40116.0
2024-04-23 04:00:00+00:00,2.3979,2.4167,2.3643,2.3795,16236.0
2024-04-23 08:00:00+00:00,2.3798,2.4062,2.3567,2.3719,42562.0
2024-04-23 12:00:00+00:00,2.3711,2.4293,2.362,2.3882,37288.0
2024-04-23 16:00:00+00:00,2.3861,2.3988,2.3494,2.3635,23661.0
2024-04-23 20:00:00+00:00,2.3646,2.3661,2.3275,2.355,13708.0
2024-04-24 00:00:00+00:00,2.3532,2.3781,2.338,2.3488,18172.0
2024-04-24 04:00:00+00:00,2.3581,2.418,2.3387,2.4134,31207.0
2024-04-24 08:00:00+00:00,2.4216,2.4277,2.37,2.4205,27071.0
2024-04-24 12:00:00+00:00,2.4192,2.4288,2.2647,2.2647,29114.0
2024-04-24 16:00:00+00:00,2.2611,2.2835,2.2352,2.2656,15784.0
2024-04-24 20:00:00+00:00,2.2632,2.2677,2.2012,2.224,9780.0
2024-04-25 00:00:00+00:00,2.2227,2.2329,2.1748,2.1866,12610.0
2024-04-25 04:00:00+00:00,2.1774,2.2008,2.1466,2.1705,13054.0
2024-04-25 08:00:00+00:00,2.1758,2.1915,2.1152,2.1163,18797.0
2024-04-25 12:00:00+00:00,2.1139,2.1435,2.0459,2.1142,170307.0
2024-04-25 16:00:00+00:00,2.1187,2.1263,2.0752,2.0852,28981.0
2024-04-25 20:00:00+00:00,2.0828,2.1398,2.0828,2.1035,21556.0
2024-04-26 00:00:00+00:00,2.1,2.1101,2.0502,2.0831,25911.0
2024-04-26 04:00:00+00:00,2.0786,2.0983,2.0405,2.0494,63746.0
2024-04-26 08:00:00+00:00,2.0486,2.0659,2.027,2.0498,37869.0
2024-04-26 12:00:00+00:00,2.055,2.1083,2.0242,2.0362,62160.0
2024-04-26 16:00:00+00:00,2.0375,2.0717,2.025,2.0616,49244.0
2024-04-26 20:00:00+00:00,2.057,2.0776,2.0328,2.0416,6511.0
2024-04-27 00:00:00+00:00,2.0487,2.0812,1.9649,2.0812,71170.0
2024-04-27 04:00:00+00:00,2.0743,2.11,2.0383,2.0498,36966.0
2024-04-27 08:00:00+00:00,2.0524,2.0941,2.0463,2.079,83005.0
2024-04-27 12:00:00+00:00,2.0766,2.1415,2.0709,2.09,43027.0
2024-04-27 16:00:00+00:00,2.0863,2.1785,2.0692,2.1105,25211.0
2024-04-27 20:00:00+00:00,2.1149,2.1405,2.0983,2.1319,17875.0
2024-04-28 00:00:00+00:00,2.1348,2.1903,2.1287,2.1655,36466.0
2024-04-28 04:00:00+00:00,2.1661,2.1791,2.1441,2.166,20147.0
2024-04-28 08:00:00+00:00,2.1703,2.1787,2.1536,2.1606,22295.0
2024-04-28 12:00:00+00:00,2.1629,2.1745,2.138,2.1518,14416.0
2024-04-28 16:00:00+00:00,2.1513,2.1727,2.1426,2.1523,25645.0
2024-04-28 20:00:00+00:00,2.1521,2.1566,2.0923,2.0973,16909.0
2024-04-29 00:00:00+00:00,2.0986,2.1265,2.0627,2.0635,16921.0
2024-04-29 04:00:00+00:00,2.0586,2.0861,1.9726,2.0143,43353.0
2024-04-29 08:00:00+00:00,2.0139,2.0302,1.9936,2.0009,15695.0
2024-04-29 12:00:00+00:00,2.0064,2.0348,1.9848,2.0317,37283.0
2024-04-29 16:00:00+00:00,2.0348,2.046,2.0155,2.0336,14804.0
2024-04-29 20:00:00+00:00,2.0355,2.1046,2.0172,2.0969,30784.0
2024-04-30 00:00:00+00:00,2.0972,2.1458,2.0698,2.0851,42503.0
2024-04-30 04:00:00+00:00,2.0863,2.0982,2.0576,2.0707,16895.0
2024-04-30 08:00:00+00:00,2.0705,2.0762,1.9598,1.96,35064.0
2024-04-30 12:00:00+00:00,1.9646,1.9646,1.8586,1.8768,127980.0
2024-04-30 16:00:00+00:00,1.8762,1.9014,1.8407,1.8569,69463.0
2024-04-30 20:00:00+00:00,1.8597,1.9367,1.8597,1.9219,23201.0
2024-05-01 00:00:00+00:00,1.9214,1.9738,1.8929,1.9694,28097.0
2024-05-01 04:00:00+00:00,1.9726,1.9876,1.8707,1.8863,49638.0
2024-05-01 08:00:00+00:00,1.8858,1.92,1.8564,1.909,44472.0
2024-05-01 12:00:00+00:00,1.9133,1.9548,1.903,1.9111,27594.0
2024-05-01 16:00:00+00:00,1.9084,2.0506,1.8922,1.9734,49916.0
2024-05-01 20:00:00+00:00,1.9792,2.0404,1.9562,2.0272,41504.0
2024-05-02 00:00:00+00:00,2.0264,2.0332,1.967,1.9921,28308.0
2024-05-02 04:00:00+00:00,1.9917,2.0302,1.978,2.0085,17548.0
2024-05-02 08:00:00+00:00,2.007,2.1082,2.0035,2.1018,42607.0
2024-05-02 12:00:00+00:00,2.1071,2.1485,2.0866,2.133,42845.0
2024-05-02 16:00:00+00:00,2.1318,2.1828,2.1203,2.1678,38764.0
2024-05-02 20:00:00+00:00,2.1692,2.26,2.1563,2.2098,66053.0
2024-05-03 00:00:00+00:00,2.2142,2.2835,2.1917,2.2425,35616.0
2024-05-03 04:00:00+00:00,2.2323,2.24,2.2071,2.2165,25397.0
2024-05-03 08:00:00+00:00,2.2155,2.2366,2.1945,2.2248,46949.0
2024-05-03 12:00:00+00:00,2.2237,2.292,2.2069,2.2381,51398.0
2024-05-03 16:00:00+00:00,2.2394,2.2745,2.2378,2.265,30122.0
2024-05-03 20:00:00+00:00,2.2665,2.2828,2.245,2.2506,13645.0
2024-05-04 00:00:00+00:00,2.2526,2.2717,2.2227,2.2441,15970.0
2024-05-04 04:00:00+00:00,2.2464,2.252,2.2197,2.2199,17323.0
2024-05-04 08:00:00+00:00,2.2231,2.2591,2.2065,2.2134,32856.0
2024-05-04 12:00:00+00:00,2.2046,2.2271,2.1936,2.2246,22155.0
2024-05-04 16:00:00+00:00,2.2251,2.2465,2.2169,2.2465,10992.0
2024-05-04 20:00:00+00:00,2.2469,2.2558,2.2217,2.2266,20858.0
2024-05-05 00:00:00+00:00,2.2282,2.2318,2.1751,2.2143,16571.0
2024-05-05 04:00:00+00:00,2.2062,2.2375,2.173,2.2148,52446.0
2024-05-05 08:00:00+00:00,2.2143,2.2304,2.1968,2.2189,29816.0
2024-05-05 12:00:00+00:00,2.2167,2.2447,2.1869,2.2423,52333.0
2024-05-05 16:00:00+00:00,2.2439,2.2897,2.2303,2.2377,56125.0
2024-05-05 20:00:00+00:00,2.238,2.2477,2.2246,2.2371,11449.0
2024-05-06 00:00:00+00:00,2.2405,2.2942,2.1986,2.2076,32306.0
2024-05-06 04:00:00+00:00,2.2046,2.2891,2.2017,2.2722,48609.0
2024-05-06 08:00:00+00:00,2.2701,2.3034,2.2105,2.2407,38696.0
2024-05-06 12:00:00+00:00,2.2401,2.2465,2.165,2.2088,38228.0
2024-05-06 16:00:00+00:00,2.2134,2.2135,2.1713,2.1931,19901.0
2024-05-06 20:00:00+00:00,2.1939,2.2058,2.1617,2.1622,25147.0
2024-05-07 00:00:00+00:00,2.1709,2.186,2.1262,2.148,19719.0
2024-05-07 04:00:00+00:00,2.1467,2.1523,2.1219,2.1294,26372.0
2024-05-07 08:00:00+00:00,2.1264,2.2269,2.1233,2.1742,33275.0
2024-05-07 12:00:00+00:00,2.1729,2.2817,2.1729,2.2306,38107.0
2024-05-07 16:00:00+00:00,2.2308,2.2379,2.186,2.1912,13069.0
2024-05-07 20:00:00+00:00,2.1932,2.2111,2.1571,2.1597,21038.0
2024-05-08 00:00:00+00:00,2.1617,2.1713,2.1299,2.1501,16653.0
2024-05-08 04:00:00+00:00,2.1455,2.1575,2.08,2.0806,12995.0
2024-05-08 08:00:00+00:00,2.0838,2.0982,2.0597,2.0777,18729.0
2024-05-08 12:00:00+00:00,2.0882,2.1358,2.0639,2.078,20377.0
2024-05-08 16:00:00+00:00,2.0724,2.1197,2.0622,2.0844,13853.0
2024-05-08 20:00:00+00:00,2.0855,2.0857,2.0355,2.0397,18201.0
2024-05-09 00:00:00+00:00,2.0393,2.0796,2.0347,2.0772,22392.0
2024-05-09 04:00:00+00:00,2.0766,2.0881,2.0439,2.0439,10580.0
2024-05-09 08:00:00+00:00,2.0503,2.0543,2.0075,2.0411,26566.0
2024-05-09 12:00:00+00:00,2.0416,2.0937,2.0266,2.0937,19677.0
2024-05-09 16:00:00+00:00,2.0937,2.1423,2.0741,2.1412,18943.0
2024-05-09 20:00:00+00:00,2.1442,2.1745,2.133,2.1595,17259.0
2024-05-10 00:00:00+00:00,2.1554,2.2505,2.1553,2.2034,54428.0
2024-05-10 04:00:00+00:00,2.2076,2.2478,2.1975,2.2427,23159.0
2024-05-10 08:00:00+00:00,2.2436,2.3049,2.2428,2.2871,33736.0
2024-05-10 12:00:00+00:00,2.2903,2.2903,2.1787,2.1828,70665.0
2024-05-10 16:00:00+00:00,2.1742,2.1996,2.1415,2.1867,18950.0
2024-05-10 20:00:00+00:00,2.1913,2.2167,2.1519,2.1643,16235.0
2024-05-11 00:00:00+00:00,2.1665,2.1996,2.1548,2.1548,10186.0
2024-05-11 04:00:00+00:00,2.1538,2.1733,2.1478,2.173,6121.0
2024-05-11 08:00:00+00:00,2.1737,2.2271,2.1564,2.2258,16651.0
2024-05-11 12:00:00+00:00,2.2168,2.3637,2.2146,2.3483,67810.0
2024-05-11 16:00:00+00:00,2.3523,2.363,2.2973,2.3223,48193.0
2024-05-11 20:00:00+00:00,2.3256,2.3265,2.2688,2.2748,10778.0
2024-05-12 00:00:00+00:00,2.2771,2.3087,2.2542,2.2617,15777.0
2024-05-12 04:00:00+00:00,2.2635,2.2983,2.2565,2.2603,25281.0
2024-05-12 08:00:00+00:00,2.266,2.2815,2.2437,2.254,31432.0
2024-05-12 12:00:00+00:00,2.2526,2.2554,2.2221,2.2461,24891.0
2024-05-12 16:00:00+00:00,2.2441,2.2688,2.1986,2.2015,15380.0
2024-05-12 20:00:00+00:00,2.1988,2.2053,2.1801,2.1814,15250.0
2024-05-13 00:00:00+00:00,2.1852,2.1988,2.0428,2.0576,61437.0
2024-05-13 04:00:00+00:00,2.0519,2.1127,2.0436,2.112,30178.0
2024-05-13 08:00:00+00:00,2.1155,2.1507,2.1074,2.1172,40882.0
2024-05-13 12:00:00+00:00,2.1204,2.1775,2.1025,2.1719,29514.0
2024-05-13 16:00:00+00:00,2.1841,2.2758,2.1841,2.2008,25941.0
2024-05-13 20:00:00+00:00,2.2046,2.2593,2.1949,2.2212,8198.0
2024-05-14 00:00:00+00:00,2.2137,2.2233,2.1301,2.1342,25373.0
2024-05-14 04:00:00+00:00,2.1421,2.1703,2.0836,2.103,29425.0
2024-05-14 08:00:00+00:00,2.1027,2.1162,2.089,2.094,14549.0
2024-05-14 12:00:00+00:00,2.0954,2.1177,2.0461,2.0625,25339.0
2024-05-14 16:00:00+00:00,2.0623,2.0661,2.0346,2.0443,18360.0
2024-05-14 20:00:00+00:00,2.0411,2.0416,2.0116,2.0116,21273.0
2024-05-15 00:00:00+00:00,2.0119,2.0322,1.9878,2.0294,14935.0
2024-05-15 04:00:00+00:00,2.0287,2.0341,1.9993,2.0307,38786.0
2024-05-15 08:00:00+00:00,2.0369,2.0414,1.9832,1.9966,31244.0
2024-05-15 12:00:00+00:00,1.9964,2.4085,1.982,2.3478,122460.0
2024-05-15 16:00:00+00:00,2.3572,2.4672,2.3238,2.4314,113852.0
2024-05-15 20:00:00+00:00,2.4354,2.4363,2.3457,2.3474,47894.0
2024-05-16 00:00:00+00:00,2.3449,2.3905,2.3308,2.3308,34728.0
2024-05-16 04:00:00+00:00,2.3298,2.3871,2.3282,2.3731,37441.0
2024-05-16 08:00:00+00:00,2.3742,2.4231,2.372,2.4199,37680.0
2024-05-16 12:00:00+00:00,2.4194,2.4248,2.3034,2.3059,127731.0
2024-05-16 16:00:00+00:00,2.3047,2.4049,2.2971,2.3892,36023.0
2024-05-16 20:00:00+00:00,2.3851,2.4072,2.3406,2.3787,26850.0
2024-05-17 00:00:00+00:00,2.3798,2.5395,2.3798,2.5312,105797.0
2024-05-17 04:00:00+00:00,2.5343,2.555,2.4254,2.4533,85809.0
2024-05-17 08:00:00+00:00,2.4566,2.4676,2.4121,2.4315,40177.0
2024-05-17 12:00:00+00:00,2.43,2.4526,2.3964,2.4256,52697.0
2024-05-17 16:00:00+00:00,2.4267,2.4498,2.3922,2.3995,32381.0
2024-05-17 20:00:00+00:00,2.4006,2.4071,2.3867,2.393,21808.0
2024-05-18 00:00:00+00:00,2.3922,2.4468,2.3754,2.4115,27640.0
2024-05-18 04:00:00+00:00,2.4105,2.4246,2.3888,2.402,23077.0
2024-05-18 08:00:00+00:00,2.4078,2.4395,2.3962,2.4017,30730.0
2024-05-18 12:00:00+00:00,2.4045,2.4476,2.3936,2.4234,35571.0
2024-05-18 16:00:00+00:00,2.4118,2.4163,2.3553,2.3759,20571.0
2024-05-18 20:00:00+00:00,2.3707,2.3777,2.3572,2.3597,10728.0
2024-05-19 00:00:00+00:00,2.3611,2.3727,2.3425,2.3496,40037.0
2024-05-19 04:00:00+00:00,2.3495,2.3844,2.3448,2.3783,18337.0
2024-05-19 08:00:00+00:00,2.3786,2.3786,2.3017,2.3333,50833.0
2024-05-19 12:00:00+00:00,2.3305,2.331,2.2708,2.2814,36530.0
2024-05-19 16:00:00+00:00,2.28,2.285,2.245,2.2454,47699.0
2024-05-19 20:00:00+00:00,2.2476,2.254,2.2323,2.2361,9400.0
2024-05-20 00:00:00+00:00,2.2345,2.2546,2.2031,2.2426,34141.0
2024-05-20 04:00:00+00:00,2.2527,2.3196,2.2474,2.2834,29398.0
2024-05-20 08:00:00+00:00,2.2816,2.3148,2.2745,2.3031,13900.0
2024-05-20 12:00:00+00:00,2.2934,2.3224,2.2688,2.3224,21489.0
2024-05-20 16:00:00+00:00,2.3323,2.5183,2.3318,2.5133,45150.0
2024-05-20 20:00:00+00:00,2.5224,2.5721,2.4906,2.5568,43065.0
2024-05-21 00:00:00+00:00,2.5664,2.5957,2.5159,2.5221,55613.0
2024-05-21 04:00:00+00:00,2.5213,2.5687,2.5048,2.5513,23400.0
2024-05-21 08:00:00+00:00,2.5557,2.5643,2.5364,2.5374,16832.0
2024-05-21 12:00:00+00:00,2.5337,2.5566,2.4906,2.4979,71486.0
2024-05-21 16:00:00+00:00,2.4948,2.5331,2.4748,2.4919,18833.0
2024-05-21 20:00:00+00:00,2.4941,2.5195,2.4748,2.4932,28184.0
2024-05-22 00:00:00+00:00,2.4938,2.5113,2.4794,2.4948,28194.0
2024-05-22 04:00:00+00:00,2.502,2.541,2.4511,2.5146,27286.0
2024-05-22 08:00:00+00:00,2.5048,2.5117,2.469,2.469,98764.0
2024-05-22 12:00:00+00:00,2.4626,2.5045,2.4113,2.4954,42512.0
2024-05-22 16:00:00+00:00,2.4872,2.5184,2.4418,2.4669,21960.0
2024-05-22 20:00:00+00:00,2.4629,2.5285,2.4571,2.5175,20413.0
2024-05-23 00:00:00+00:00,2.5238,2.5499,2.4764,2.5492,80944.0
2024-05-23 04:00:00+00:00,2.5422,2.567,2.5049,2.5175,16028.0
2024-05-23 08:00:00+00:00,2.5174,2.585,2.4989,2.585,49813.0
2024-05-23 12:00:00+00:00,2.5769,2.6003,2.4063,2.4351,122887.0
2024-05-23 16:00:00+00:00,2.4303,2.4554,2.362,2.3778,81851.0
2024-05-23 20:00:00+00:00,2.3775,2.4654,2.2845,2.4433,45397.0
2024-05-24 00:00:00+00:00,2.4374,2.4572,2.4192,2.4436,23735.0
2024-05-24 04:00:00+00:00,2.4423,2.4539,2.3272,2.3584,61253.0
2024-05-24 08:00:00+00:00,2.3562,2.3687,2.3172,2.3566,15628.0
2024-05-24 12:00:00+00:00,2.3579,2.392,2.3353,2.3749,22610.0
2024-05-24 16:00:00+00:00,2.3808,2.4368,2.3563,2.422,33486.0
2024-05-24 20:00:00+00:00,2.425,2.4875,2.4146,2.4612,19299.0
2024-05-25 00:00:00+00:00,2.463,2.6108,2.463,2.5505,75686.0
2024-05-25 04:00:00+00:00,2.5509,2.5545,2.5117,2.5172,35249.0
2024-05-25 08:00:00+00:00,2.5177,2.5545,2.4997,2.5053,17511.0
2024-05-25 12:00:00+00:00,2.4988,2.5141,2.4818,2.4845,20281.0
2024-05-25 16:00:00+00:00,2.4831,2.4837,2.4704,2.4755,7781.0
2024-05-25 20:00:00+00:00,2.4763,2.4763,2.4595,2.4599,5464.0
2024-05-26 00:00:00+00:00,2.461,2.5168,2.4219,2.4511,34289.0
2024-05-26 04:00:00+00:00,2.4429,2.4429,2.416,2.4221,4259.0
2024-05-26 08:00:00+00:00,2.4176,2.4283,2.3869,2.3936,14634.0
2024-05-26 12:00:00+00:00,2.3925,2.4104,2.3768,2.3903,17493.0
2024-05-26 16:00:00+00:00,2.3867,2.3975,2.3682,2.3732,13740.0
2024-05-26 20:00:00+00:00,2.3704,2.3812,2.3424,2.3554,67381.0
2024-05-27 00:00:00+00:00,2.3516,2.4084,2.3509,2.3929,23683.0
2024-05-27 04:00:00+00:00,2.3946,2.4043,2.3554,2.3727,19888.0
2024-05-27 08:00:00+00:00,2.3722,2.4107,2.3625,2.3776,21304.0
2024-05-27 12:00:00+00:00,2.3796,2.4471,2.3309,2.4446,117096.0
2024-05-27 16:00:00+00:00,2.4468,2.4777,2.3966,2.4143,15024.0
2024-05-27 20:00:00+00:00,2.4182,2.4363,2.3812,2.3843,7817.0
2024-05-28 00:00:00+00:00,2.3851,2.3865,2.2938,2.2976,27218.0
2024-05-28 04:00:00+00:00,2.3051,2.334,2.2718,2.3121,45104.0
2024-05-28 08:00:00+00:00,2.3099,2.3438,2.3078,2.3242,17441.0
2024-05-28 12:00:00+00:00,2.3236,2.3303,2.2879,2.3156,44396.0
2024-05-28 16:00:00+00:00,2.3212,2.3228,2.2749,2.3228,12437.0
2024-05-28 20:00:00+00:00,2.3252,2.3254,2.2996,2.3065,5289.0
2024-05-29 00:00:00+00:00,2.2985,2.3128,2.2818,2.3059,13680.0
2024-05-29 04:00:00+00:00,2.3121,2.3398,2.2911,2.2918,21467.0
2024-05-29 08:00:00+00:00,2.2943,2.2982,2.2643,2.2736,39743.0
2024-05-29 12:00:00+00:00,2.2761,2.2933,2.238,2.2381,38843.0
2024-05-29 16:00:00+00:00,2.2383,2.2658,2.2245,2.2268,18852.0
2024-05-29 20:00:00+00:00,2.2278,2.2313,2.211,2.2142,6610.0
2024-05-30 00:00:00+00:00,2.2177,2.2616,2.2101,2.2448,13004.0
2024-05-30 04:00:00+00:00,2.2428,2.2428,2.1552,2.1655,32727.0
2024-05-30 08:00:00+00:00,2.1657,2.2515,2.1499,2.2387,42246.0
2024-05-30 12:00:00+00:00,2.2394,2.2636,2.2111,2.2185,14110.0
2024-05-30 16:00:00+00:00,2.2214,2.2647,2.2111,2.2129,27844.0
2024-05-30 20:00:00+00:00,2.211,2.211,2.169,2.1704,10068.0
2024-05-31 00:00:00+00:00,2.165,2.1719,2.1456,2.1697,14307.0
2024-05-31 04:00:00+00:00,2.1796,2.1808,2.1357,2.1469,34173.0
2024-05-31 08:00:00+00:00,2.15,2.1856,2.1366,2.1741,40669.0
2024-05-31 12:00:00+00:00,2.1759,2.2109,2.1404,2.1421,29609.0
2024-05-31 16:00:00+00:00,2.1459,2.2011,2.1206,2.1981,57103.0
2024-05-31 20:00:00+00:00,2.2016,2.2029,2.1697,2.1792,9753.0
2024-06-01 00:00:00+00:00,2.1707,2.2422,2.165,2.2313,25081.0
2024-06-01 04:00:00+00:00,2.2357,2.2578,2.2099,2.2322,39878.0
2024-06-01 08:00:00+00:00,2.235,2.2834,2.2249,2.2597,35045.0
2024-06-01 12:00:00+00:00,2.2616,2.2764,2.2439,2.2474,14766.0
2024-06-01 16:00:00+00:00,2.2464,2.254,2.2258,2.2328,34753.0
2024-06-01 20:00:00+00:00,2.2335,2.2436,2.2091,2.2172,12956.0
2024-06-02 00:00:00+00:00,2.2194,2.2461,2.2103,2.2316,16657.0
2024-06-02 04:00:00+00:00,2.2323,2.236,2.1931,2.2021,15320.0
2024-06-02 08:00:00+00:00,2.1993,2.2143,2.1779,2.2143,26992.0
2024-06-02 12:00:00+00:00,2.2187,2.2475,2.2049,2.2475,21319.0
2024-06-02 16:00:00+00:00,2.2515,2.2515,2.1777,2.1909,33467.0
2024-06-02 20:00:00+00:00,2.1931,2.1931,2.1666,2.1712,35892.0
2024-06-03 00:00:00+00:00,2.1712,2.2349,2.1344,2.2045,41080.0
2024-06-03 04:00:00+00:00,2.2092,2.2638,2.1827,2.2396,26064.0
2024-06-03 08:00:00+00:00,2.2313,2.2437,2.2111,2.2125,15274.0
2024-06-03 12:00:00+00:00,2.2135,2.2515,2.1915,2.2475,42092.0
2024-06-03 16:00:00+00:00,2.2486,2.2581,2.234,2.2555,14834.0
2024-06-03 20:00:00+00:00,2.2556,2.2693,2.2253,2.2374,16154.0
2024-06-04 00:00:00+00:00,2.2341,2.2827,2.2307,2.282,16591.0
2024-06-04 04:00:00+00:00,2.28,2.3406,2.259,2.2693,56791.0
2024-06-04 08:00:00+00:00,2.2697,2.2959,2.2466,2.2594,12979.0
2024-06-04 12:00:00+00:00,2.2616,2.33,2.25,2.3232,26481.0
2024-06-04 16:00:00+00:00,2.3218,2.3412,2.3012,2.3176,23435.0
2024-06-04 20:00:00+00:00,2.3185,2.3192,2.2886,2.3123,17926.0
2024-06-05 00:00:00+00:00,2.3102,2.3405,2.31,2.3168,20815.0
2024-06-05 04:00:00+00:00,2.315,2.3344,2.3004,2.3017,18334.0
2024-06-05 08:00:00+00:00,2.3081,2.3099,2.2742,2.2986,18781.0
2024-06-05 12:00:00+00:00,2.3013,2.3133,2.2735,2.3133,24390.0
2024-06-05 16:00:00+00:00,2.3151,2.336,2.2987,2.316,102643.0
2024-06-05 20:00:00+00:00,2.3147,2.3154,2.2797,2.2901,12497.0
2024-06-06 00:00:00+00:00,2.29,2.3016,2.273,2.2787,37202.0
2024-06-06 04:00:00+00:00,2.2811,2.2856,2.2526,2.2749,23060.0
2024-06-06 08:00:00+00:00,2.2755,2.2818,2.259,2.2699,7210.0
2024-06-06 12:00:00+00:00,2.2694,2.2805,2.241,2.2493,48601.0
2024-06-06 16:00:00+00:00,2.2462,2.2534,2.207,2.211,39293.0
2024-06-06 20:00:00+00:00,2.21,2.2583,2.1936,2.2423,91091.0
2024-06-07 00:00:00+00:00,2.2423,2.2915,2.24,2.2582,68113.0
2024-06-07 04:00:00+00:00,2.2599,2.268,2.2417,2.2417,9818.0
2024-06-07 08:00:00+00:00,2.2448,2.2616,2.2276,2.2573,11678.0
2024-06-07 12:00:00+00:00,2.2557,2.2925,2.2116,2.2701,33535.0
2024-06-07 16:00:00+00:00,2.2591,2.2643,1.9056,2.106,203600.0
2024-06-07 20:00:00+00:00,2.1022,2.1284,2.088,2.1108,13789.0
2024-06-08 00:00:00+00:00,2.106,2.1061,2.079,2.0843,15355.0
2024-06-08 04:00:00+00:00,2.083,2.0899,2.061,2.0805,21368.0
2024-06-08 08:00:00+00:00,2.0798,2.0798,2.0192,2.0267,24087.0
2024-06-08 12:00:00+00:00,2.0214,2.034,1.998,2.0192,26204.0
2024-06-08 16:00:00+00:00,2.0203,2.0207,1.9882,1.9984,17988.0
2024-06-08 20:00:00+00:00,1.9951,1.998,1.965,1.9845,11829.0
2024-06-09 00:00:00+00:00,1.979,1.9903,1.962,1.9848,26925.0
2024-06-09 04:00:00+00:00,1.985,1.998,1.9623,1.9901,19049.0
2024-06-09 08:00:00+00:00,1.9891,2.0013,1.9847,1.9885,10260.0
2024-06-09 12:00:00+00:00,1.987,2.0217,1.9819,2.014,31107.0
2024-06-09 16:00:00+00:00,2.0098,2.0341,2.0069,2.0246,15504.0
2024-06-09 20:00:00+00:00,2.0225,2.0271,2.012,2.0143,10651.0
2024-06-10 00:00:00+00:00,2.0146,2.0352,2.0043,2.0079,16695.0
2024-06-10 04:00:00+00:00,2.0098,2.0098,1.9666,1.9666,24594.0
2024-06-10 08:00:00+00:00,1.9718,2.0191,1.9694,1.9955,17399.0
2024-06-10 12:00:00+00:00,1.9969,2.0373,1.98,2.0319,27528.0
2024-06-10 16:00:00+00:00,2.0318,2.0374,1.984,1.9896,43718.0
2024-06-10 20:00:00+00:00,1.9872,1.9917,1.9528,1.9578,32688.0
2024-06-11 00:00:00+00:00,1.962,1.9716,1.896,1.9236,89247.0
2024-06-11 04:00:00+00:00,1.9241,1.9261,1.8811,1.9062,59738.0
2024-06-11 08:00:00+00:00,1.9061,1.9203,1.8868,1.89,31936.0
2024-06-11 12:00:00+00:00,1.897,1.899,1.8075,1.8255,120534.0
2024-06-11 16:00:00+00:00,1.8257,1.8621,1.8164,1.8536,35003.0
2024-06-11 20:00:00+00:00,1.854,1.8551,1.825,1.828,6902.0
2024-06-12 00:00:00+00:00,1.8269,1.836,1.7919,1.836,11716.0
2024-06-12 04:00:00+00:00,1.8339,1.853,1.8333,1.8384,44989.0
2024-06-12 08:00:00+00:00,1.8465,1.876,1.8375,1.8414,29701.0
2024-06-12 12:00:00+00:00,1.8523,1.989,1.85,1.9557,51010.0
2024-06-12 16:00:00+00:00,1.9519,1.9806,1.8855,1.899,36618.0
2024-06-12 20:00:00+00:00,1.8924,1.9264,1.8899,1.9176,5111.0
2024-06-13 00:00:00+00:00,1.9195,1.9224,1.8382,1.8672,58474.0
2024-06-13 04:00:00+00:00,1.8631,1.8815,1.845,1.8623,15598.0
2024-06-13 08:00:00+00:00,1.8609,1.8685,1.839,1.8404,9896.0
2024-06-13 12:00:00+00:00,1.8497,1.8723,1.7753,1.7839,35674.0
2024-06-13 16:00:00+00:00,1.7827,1.817,1.776,1.8089,14374.0
2024-06-13 20:00:00+00:00,1.8,1.8032,1.777,1.7943,19816.0
2024-06-14 00:00:00+00:00,1.7976,1.8159,1.7798,1.7798,28499.0
2024-06-14 04:00:00+00:00,1.7844,1.811,1.7797,1.8088,10378.0
2024-06-14 08:00:00+00:00,1.8,1.818,1.7994,1.8052,17861.0
2024-06-14 12:00:00+00:00,1.8137,1.8219,1.7352,1.7439,49136.0
2024-06-14 16:00:00+00:00,1.7436,1.7479,1.6604,1.6704,65324.0
2024-06-14 20:00:00+00:00,1.6731,1.7254,1.6731,1.7148,9919.0
2024-06-15 00:00:00+00:00,1.716,1.7381,1.7138,1.7358,21513.0
2024-06-15 04:00:00+00:00,1.7344,1.7738,1.7193,1.7496,9362.0
2024-06-15 08:00:00+00:00,1.7543,1.7599,1.7503,1.7522,5722.0
2024-06-15 12:00:00+00:00,1.7534,1.7733,1.744,1.7613,10680.0
2024-06-15 16:00:00+00:00,1.7622,1.7692,1.7388,1.7476,14080.0
2024-06-15 20:00:00+00:00,1.7495,1.7495,1.7317,1.7385,1970.0
2024-06-16 00:00:00+00:00,1.7411,1.7411,1.7073,1.7104,10606.0
2024-06-16 04:00:00+00:00,1.7103,1.7321,1.6976,1.7267,7293.0
2024-06-16 08:00:00+00:00,1.7284,1.7337,1.7133,1.7157,11727.0
2024-06-16 12:00:00+00:00,1.7146,1.7327,1.706,1.7166,17412.0
2024-06-16 16:00:00+00:00,1.7192,1.7249,1.701,1.7071,15333.0
2024-06-16 20:00:00+00:00,1.7064,1.7329,1.6892,1.7086,7629.0
2024-06-17 00:00:00+00:00,1.7059,1.7226,1.6576,1.6576,15687.0
2024-06-17 04:00:00+00:00,1.6563,1.6638,1.6035,1.6181,43078.0
2024-06-17 08:00:00+00:00,1.6147,1.6248,1.5463,1.5773,40282.0
2024-06-17 12:00:00+00:00,1.5726,1.5784,1.5424,1.5669,74448.0
2024-06-17 16:00:00+00:00,1.5692,1.6676,1.5271,1.6355,90687.0
2024-06-17 20:00:00+00:00,1.6367,1.6395,1.6096,1.6202,36321.0
2024-06-18 00:00:00+00:00,1.6315,1.635,1.3807,1.5184,121787.0
2024-06-18 04:00:00+00:00,1.5198,1.5368,1.5003,1.5112,23907.0
2024-06-18 08:00:00+00:00,1.502,1.5033,1.4323,1.461,66482.0
2024-06-18 12:00:00+00:00,1.4548,1.4608,1.41,1.4453,29944.0
2024-06-18 16:00:00+00:00,1.4427,1.4499,1.4167,1.4456,29051.0
2024-06-18 20:00:00+00:00,1.4465,1.4869,1.4394,1.4752,41528.0
2024-06-19 00:00:00+00:00,1.4633,1.5632,1.4548,1.5474,24879.0
2024-06-19 04:00:00+00:00,1.5538,1.5697,1.5384,1.5645,3430.0
2024-06-19 08:00:00+00:00,1.5585,1.573,1.5334,1.566,10267.0
2024-06-19 12:00:00+00:00,1.5829,1.5909,1.5371,1.5459,29053.0
2024-06-19 16:00:00+00:00,1.5441,1.5617,1.5284,1.5372,9917.0
2024-06-19 20:00:00+00:00,1.5341,1.5516,1.5254,1.5406,21428.0
2024-06-20 00:00:00+00:00,1.5363,1.5918,1.5315,1.5422,10762.0
2024-06-20 04:00:00+00:00,1.5382,1.6158,1.5322,1.6143,12242.0
2024-06-20 08:00:00+00:00,1.6179,1.6611,1.6055,1.6321,21980.0
2024-06-20 12:00:00+00:00,1.6287,1.6293,1.5564,1.5625,15109.0
2024-06-20 16:00:00+00:00,1.5672,1.5946,1.5423,1.5942,9656.0
2024-06-20 20:00:00+00:00,1.5888,1.5888,1.5652,1.5652,6404.0
2024-06-21 00:00:00+00:00,1.5664,1.6209,1.5355,1.5972,24886.0
2024-06-21 04:00:00+00:00,1.5927,1.6226,1.5616,1.5657,17437.0
2024-06-21 08:00:00+00:00,1.5633,1.5732,1.5383,1.5635,5106.0
2024-06-21 12:00:00+00:00,1.5787,1.6019,1.5368,1.5718,9415.0
2024-06-21 16:00:00+00:00,1.5604,1.5749,1.5287,1.5712,7670.0
2024-06-21 20:00:00+00:00,1.571,1.5743,1.5583,1.5583,1776.0
2024-06-22 00:00:00+00:00,1.5566,1.5571,1.5239,1.5414,5537.0
2024-06-22 04:00:00+00:00,1.5364,1.5529,1.5362,1.5393,2380.0
2024-06-22 08:00:00+00:00,1.536,1.5395,1.5255,1.53,1618.0
2024-06-22 12:00:00+00:00,1.538,1.5789,1.5379,1.5661,9470.0
2024-06-22 16:00:00+00:00,1.5648,1.5757,1.5441,1.5487,4196.0
2024-06-22 20:00:00+00:00,1.5424,1.5506,1.5376,1.5379,6089.0
2024-06-23 00:00:00+00:00,1.5408,1.5705,1.5408,1.5705,13368.0
2024-06-23 04:00:00+00:00,1.5669,1.5669,1.5514,1.5595,3256.0
2024-06-23 08:00:00+00:00,1.5696,1.5763,1.536,1.5372,5343.0
2024-06-23 12:00:00+00:00,1.5348,1.5368,1.5036,1.5108,5762.0
2024-06-23 16:00:00+00:00,1.5002,1.5139,1.4859,1.4972,16620.0
2024-06-23 20:00:00+00:00,1.4926,1.518,1.4689,1.5027,21612.0
2024-06-24 00:00:00+00:00,1.506,1.5278,1.483,1.4975,14080.0
2024-06-24 04:00:00+00:00,1.4976,1.4976,1.4488,1.4662,36834.0
2024-06-24 08:00:00+00:00,1.453,1.5016,1.4149,1.4756,41553.0
2024-06-24 12:00:00+00:00,1.4811,1.4944,1.4577,1.4584,7152.0
2024-06-24 16:00:00+00:00,1.4645,1.4993,1.4563,1.4577,16904.0
2024-06-24 20:00:00+00:00,1.4653,1.5249,1.445,1.5249,14750.0
2024-06-25 00:00:00+00:00,1.5292,1.5614,1.5233,1.552,8158.0
2024-06-25 04:00:00+00:00,1.5485,1.5908,1.5422,1.5422,20139.0
2024-06-25 08:00:00+00:00,1.5477,1.5656,1.5382,1.556,20714.0
2024-06-25 12:00:00+00:00,1.5468,1.565,1.5466,1.5628,6809.0
2024-06-25 16:00:00+00:00,1.5621,1.5791,1.5421,1.5747,48513.0
2024-06-25 20:00:00+00:00,1.5727,1.5795,1.5495,1.5576,15182.0
2024-06-26 00:00:00+00:00,1.5553,1.5998,1.5553,1.5894,3330.0
2024-06-26 04:00:00+00:00,1.5862,1.5862,1.55,1.5605,7095.0
2024-06-26 08:00:00+00:00,1.5468,1.5468,1.5271,1.54,7429.0
2024-06-26 12:00:00+00:00,1.5305,1.5527,1.5212,1.5284,8958.0
2024-06-26 16:00:00+00:00,1.5196,1.5452,1.5051,1.5452,4827.0
2024-06-26 20:00:00+00:00,1.5515,1.5515,1.5362,1.5397,5057.0
2024-06-27 00:00:00+00:00,1.543,1.543,1.5349,1.5399,697.0
2024-06-27 04:00:00+00:00,1.5381,1.5381,1.52,1.525,738.0
2024-06-27 08:00:00+00:00,1.5295,1.5701,1.5284,1.5533,548.0
2024-06-27 12:00:00+00:00,1.5655,1.5908,1.5565,1.5594,9912.0
2024-06-27 16:00:00+00:00,1.5495,1.5616,1.5495,1.5577,4000.0
2024-06-27 20:00:00+00:00,1.5651,1.5679,1.5641,1.5669,3020.0
2024-06-28 00:00:00+00:00,1.559,1.5924,1.559,1.5745,5523.0
2024-06-28 04:00:00+00:00,1.5645,1.5645,1.5435,1.5545,4625.0
2024-06-28 08:00:00+00:00,1.5558,1.5801,1.5481,1.5767,2577.0
2024-06-28 12:00:00+00:00,1.5736,1.5772,1.5421,1.5586,11498.0
2024-06-28 16:00:00+00:00,1.54,1.5421,1.4953,1.4953,9693.0
2024-06-28 20:00:00+00:00,1.4956,1.4956,1.479,1.4844,14756.0
2024-06-29 00:00:00+00:00,1.4876,1.5006,1.4865,1.4951,11117.0
2024-06-29 04:00:00+00:00,1.4886,1.4905,1.4768,1.4905,1520.0
2024-06-29 08:00:00+00:00,1.484,1.4892,1.4826,1.4879,4087.0
2024-06-29 12:00:00+00:00,1.4803,1.484,1.4663,1.4685,4351.0
2024-06-29 16:00:00+00:00,1.4769,1.4769,1.4627,1.4677,2847.0
2024-06-29 20:00:00+00:00,1.4653,1.4653,1.4458,1.4511,7583.0
2024-06-30 00:00:00+00:00,1.4572,1.4614,1.434,1.4385,4115.0
2024-06-30 04:00:00+00:00,1.4382,1.474,1.4329,1.4736,4697.0
2024-06-30 08:00:00+00:00,1.483,1.4868,1.4631,1.471,2113.0
2024-06-30 12:00:00+00:00,1.473,1.4842,1.471,1.481,4097.0
2024-06-30 16:00:00+00:00,1.4792,1.5005,1.4632,1.4984,58310.0
2024-06-30 20:00:00+00:00,1.4991,1.6236,1.4991,1.5802,43015.0
2024-07-01 00:00:00+00:00,1.5828,1.598,1.5681,1.5713,19663.0
2024-07-01 04:00:00+00:00,1.5728,1.5858,1.5695,1.5755,6096.0
2024-07-01 08:00:00+00:00,1.5828,1.5831,1.5594,1.5594,2849.0
2024-07-01 12:00:00+00:00,1.5723,1.6,1.5572,1.5645,5339.0
2024-07-01 16:00:00+00:00,1.5636,1.6208,1.5592,1.6205,19221.0
2024-07-01 20:00:00+00:00,1.6209,1.6322,1.5735,1.5744,25877.0
2024-07-02 00:00:00+00:00,1.5878,1.6199,1.5851,1.6159,7452.0
2024-07-02 04:00:00+00:00,1.6075,1.6484,1.6055,1.6111,37193.0
2024-07-02 08:00:00+00:00,1.6137,1.6461,1.6128,1.6375,11326.0
2024-07-02 12:00:00+00:00,1.6416,1.6653,1.6085,1.6106,27665.0
2024-07-02 16:00:00+00:00,1.6013,1.6359,1.5819,1.6176,12694.0
2024-07-02 20:00:00+00:00,1.6095,1.6124,1.5904,1.5904,4716.0
2024-07-03 00:00:00+00:00,1.5884,1.5993,1.5311,1.5355,32222.0
2024-07-03 04:00:00+00:00,1.5344,1.5669,1.5344,1.5497,7391.0
2024-07-03 08:00:00+00:00,1.5446,1.5572,1.5161,1.5207,22075.0
2024-07-03 12:00:00+00:00,1.5147,1.558,1.5005,1.5266,17319.0
2024-07-03 16:00:00+00:00,1.5226,1.545,1.4997,1.5065,5188.0
2024-07-03 20:00:00+00:00,1.5115,1.5346,1.5084,1.519,19377.0
2024-07-04 00:00:00+00:00,1.5118,1.5222,1.4114,1.4346,31482.0
2024-07-04 04:00:00+00:00,1.4347,1.4474,1.4112,1.4279,6482.0
2024-07-04 08:00:00+00:00,1.429,1.4334,1.3985,1.3989,14026.0
2024-07-04 12:00:00+00:00,1.4011,1.4011,1.3473,1.3913,44739.0
2024-07-04 16:00:00+00:00,1.3669,1.3766,1.3532,1.3664,5350.0
2024-07-04 20:00:00+00:00,1.3611,1.386,1.315,1.3233,17917.0
2024-07-05 00:00:00+00:00,1.318,1.3191,1.1567,1.1871,121560.0
2024-07-05 04:00:00+00:00,1.189,1.2254,1.1573,1.2254,27530.0
2024-07-05 08:00:00+00:00,1.2118,1.2689,1.1777,1.2674,11458.0
2024-07-05 12:00:00+00:00,1.2642,1.3236,1.2523,1.2786,45423.0
2024-07-05 16:00:00+00:00,1.2782,1.2947,1.2681,1.2736,9315.0
2024-07-05 20:00:00+00:00,1.2769,1.279,1.2664,1.279,3754.0
2024-07-06 00:00:00+00:00,1.294,1.3175,1.2653,1.2708,2617.0
2024-07-06 04:00:00+00:00,1.2619,1.2782,1.2471,1.276,7775.0
2024-07-06 08:00:00+00:00,1.2655,1.2824,1.2529,1.2762,3210.0
2024-07-06 12:00:00+00:00,1.2762,1.3063,1.2606,1.3063,21049.0
2024-07-06 16:00:00+00:00,1.3042,1.3478,1.2902,1.3257,21156.0
2024-07-06 20:00:00+00:00,1.322,1.3371,1.3217,1.3347,2438.0
2024-07-07 00:00:00+00:00,1.322,1.3231,1.2814,1.2895,4992.0
2024-07-07 04:00:00+00:00,1.2935,1.2935,1.2597,1.2703,6793.0
2024-07-07 08:00:00+00:00,1.2826,1.2871,1.2723,1.2745,21699.0
2024-07-07 12:00:00+00:00,1.2747,1.2778,1.2287,1.236,7159.0
2024-07-07 16:00:00+00:00,1.2379,1.2578,1.2376,1.2378,2324.0
2024-07-07 20:00:00+00:00,1.2362,1.24,1.1842,1.1842,36006.0
2024-07-08 00:00:00+00:00,1.1756,1.1875,1.1284,1.161,39006.0
2024-07-08 04:00:00+00:00,1.1592,1.1941,1.1543,1.1847,7305.0
2024-07-08 08:00:00+00:00,1.1957,1.2899,1.1957,1.2792,27501.0
2024-07-08 12:00:00+00:00,1.2759,1.2943,1.2156,1.238,52679.0
2024-07-08 16:00:00+00:00,1.2347,1.2488,1.2203,1.2281,16734.0
2024-07-08 20:00:00+00:00,1.2279,1.2318,1.2064,1.2214,41369.0
2024-07-09 00:00:00+00:00,1.216,1.2441,1.2062,1.2282,9442.0
2024-07-09 04:00:00+00:00,1.226,1.2502,1.224,1.2315,4340.0
2024-07-09 08:00:00+00:00,1.2294,1.266,1.2294,1.266,6999.0
2024-07-09 12:00:00+00:00,1.2502,1.3062,1.2502,1.2703,23392.0
2024-07-09 16:00:00+00:00,1.2633,1.2764,1.2401,1.2633,34508.0
2024-07-09 20:00:00+00:00,1.2666,1.2796,1.2614,1.2717,8988.0
2024-07-10 00:00:00+00:00,1.2593,1.2764,1.2487,1.2764,4409.0
2024-07-10 04:00:00+00:00,1.2807,1.3214,1.278,1.2904,113175.0
2024-07-10 08:00:00+00:00,1.2974,1.3238,1.2936,1.309,5312.0
2024-07-10 12:00:00+00:00,1.2926,1.3193,1.2886,1.3159,14001.0
2024-07-10 16:00:00+00:00,1.3124,1.322,1.2762,1.2762,46519.0
2024-07-10 20:00:00+00:00,1.2788,1.2875,1.2392,1.256,79127.0
2024-07-11 00:00:00+00:00,1.2557,1.2637,1.2345,1.2405,11344.0
2024-07-11 04:00:00+00:00,1.2439,1.2533,1.2302,1.2533,24874.0
2024-07-11 08:00:00+00:00,1.253,1.2782,1.2486,1.2727,11349.0
2024-07-11 12:00:00+00:00,1.2739,1.3274,1.2541,1.2573,70251.0
2024-07-11 16:00:00+00:00,1.2587,1.279,1.2458,1.2468,19936.0
2024-07-11 20:00:00+00:00,1.2384,1.2392,1.218,1.2244,17974.0
2024-07-12 00:00:00+00:00,1.2277,1.2512,1.2119,1.2324,32351.0
2024-07-12 04:00:00+00:00,1.2276,1.2375,1.2223,1.2256,15666.0
2024-07-12 08:00:00+00:00,1.2255,1.2392,1.2076,1.2076,8685.0
2024-07-12 12:00:00+00:00,1.21,1.2658,1.21,1.2645,32829.0
2024-07-12 16:00:00+00:00,1.2634,1.2832,1.2557,1.2681,34682.0
2024-07-12 20:00:00+00:00,1.2626,1.3,1.2594,1.2948,8277.0
2024-07-13 00:00:00+00:00,1.3024,1.3103,1.2877,1.2973,6424.0
2024-07-13 04:00:00+00:00,1.2917,1.3603,1.2917,1.35,72715.0
2024-07-13 08:00:00+00:00,1.3508,1.3789,1.3456,1.37,48290.0
2024-07-13 12:00:00+00:00,1.3649,1.3736,1.3376,1.353,65569.0
2024-07-13 16:00:00+00:00,1.3504,1.3524,1.3269,1.3357,36823.0
2024-07-13 20:00:00+00:00,1.3341,1.3554,1.327,1.3387,22815.0
2024-07-14 00:00:00+00:00,1.3386,1.3659,1.3358,1.3521,58962.0
2024-07-14 04:00:00+00:00,1.3519,1.365,1.342,1.3591,17182.0
2024-07-14 08:00:00+00:00,1.3555,1.3746,1.3472,1.3472,22718.0
2024-07-14 12:00:00+00:00,1.3476,1.3602,1.3246,1.35,26198.0
2024-07-14 16:00:00+00:00,1.3537,1.3616,1.3468,1.3599,11816.0
2024-07-14 20:00:00+00:00,1.3582,1.451,1.3582,1.4416,67276.0
2024-07-15 00:00:00+00:00,1.4447,1.5047,1.434,1.4962,35380.0
2024-07-15 04:00:00+00:00,1.4988,1.5009,1.4731,1.4845,24494.0
2024-07-15 08:00:00+00:00,1.4848,1.4873,1.4625,1.4714,21959.0
2024-07-15 12:00:00+00:00,1.4679,1.4856,1.4512,1.481,30047.0
2024-07-15 16:00:00+00:00,1.4808,1.5017,1.473,1.4898,25804.0
2024-07-15 20:00:00+00:00,1.4925,1.5191,1.4859,1.5132,86163.0
2024-07-16 00:00:00+00:00,1.5139,1.5242,1.4801,1.4919,66564.0
2024-07-16 04:00:00+00:00,1.4893,1.4923,1.4361,1.4371,37486.0
2024-07-16 08:00:00+00:00,1.4396,1.4524,1.4203,1.4487,21934.0
2024-07-16 12:00:00+00:00,1.4447,1.4976,1.4438,1.4949,16965.0
2024-07-16 16:00:00+00:00,1.4915,1.5178,1.4848,1.5058,20746.0
2024-07-16 20:00:00+00:00,1.5056,1.507,1.4802,1.4876,6236.0
2024-07-17 00:00:00+00:00,1.4885,1.5626,1.4877,1.5524,88990.0
2024-07-17 04:00:00+00:00,1.5517,1.5933,1.53,1.59,72145.0
2024-07-17 08:00:00+00:00,1.5872,1.644,1.5595,1.622,59786.0
2024-07-17 12:00:00+00:00,1.6126,1.641,1.5872,1.5896,96740.0
2024-07-17 16:00:00+00:00,1.5886,1.6215,1.5646,1.6063,35364.0
2024-07-17 20:00:00+00:00,1.6082,1.6151,1.5777,1.5794,20819.0
2024-07-18 00:00:00+00:00,1.5812,1.6142,1.5806,1.5997,28676.0
2024-07-18 04:00:00+00:00,1.5976,1.5979,1.5546,1.5574,17711.0
2024-07-18 08:00:00+00:00,1.5578,1.5906,1.5509,1.5855,18040.0
2024-07-18 12:00:00+00:00,1.5815,1.6044,1.5178,1.5213,193777.0
2024-07-18 16:00:00+00:00,1.5217,1.5362,1.4886,1.5082,43233.0
2024-07-18 20:00:00+00:00,1.5075,1.529,1.5018,1.5178,5438.0
2024-07-19 00:00:00+00:00,1.5213,1.5234,1.4744,1.5225,25793.0
2024-07-19 04:00:00+00:00,1.5236,1.5261,1.4846,1.487,137031.0
2024-07-19 08:00:00+00:00,1.4885,1.4936,1.4603,1.4718,68157.0
2024-07-19 12:00:00+00:00,1.4754,1.5299,1.4664,1.5223,42581.0
2024-07-19 16:00:00+00:00,1.528,1.6013,1.528,1.5887,56308.0
2024-07-19 20:00:00+00:00,1.5888,1.6245,1.5849,1.6196,28138.0
2024-07-20 00:00:00+00:00,1.6238,1.6238,1.5935,1.6109,10426.0
2024-07-20 04:00:00+00:00,1.6105,1.6398,1.6104,1.6325,21818.0
2024-07-20 08:00:00+00:00,1.6343,1.6346,1.5887,1.5887,14776.0
2024-07-20 12:00:00+00:00,1.5914,1.6188,1.5741,1.6132,23444.0
2024-07-20 16:00:00+00:00,1.6152,1.6538,1.6035,1.6303,15686.0
2024-07-20 20:00:00+00:00,1.6323,1.6577,1.6241,1.6418,17461.0
2024-07-21 00:00:00+00:00,1.6412,1.6897,1.6274,1.6756,13889.0
2024-07-21 04:00:00+00:00,1.675,1.6824,1.6111,1.6199,11207.0
2024-07-21 08:00:00+00:00,1.6197,1.6323,1.6021,1.6108,13156.0
2024-07-21 12:00:00+00:00,1.6153,1.6499,1.5878,1.636,19260.0
2024-07-21 16:00:00+00:00,1.636,1.6592,1.5761,1.6424,32646.0
2024-07-21 20:00:00+00:00,1.6418,1.7035,1.6361,1.6725,64331.0
2024-07-22 00:00:00+00:00,1.6748,1.6756,1.6316,1.6316,20785.0
2024-07-22 04:00:00+00:00,1.627,1.6303,1.586,1.5935,15478.0
2024-07-22 08:00:00+00:00,1.5899,1.6097,1.5832,1.6087,21337.0
2024-07-22 12:00:00+00:00,1.6103,1.6238,1.5716,1.5804,29422.0
2024-07-22 16:00:00+00:00,1.5795,1.5969,1.5705,1.5861,13357.0
2024-07-22 20:00:00+00:00,1.5884,1.5923,1.5376,1.5459,6488.0
2024-07-23 00:00:00+00:00,1.5503,1.5772,1.5491,1.5577,11946.0
2024-07-23 04:00:00+00:00,1.5546,1.5637,1.5018,1.5138,27503.0
2024-07-23 08:00:00+00:00,1.5156,1.5998,1.511,1.5697,49621.0
2024-07-23 12:00:00+00:00,1.5701,1.5977,1.5478,1.5706,30397.0
2024-07-23 16:00:00+00:00,1.5652,1.5652,1.5091,1.5479,30513.0
2024-07-23 20:00:00+00:00,1.5508,1.5547,1.5213,1.5284,18309.0
2024-07-24 00:00:00+00:00,1.5303,1.5439,1.5017,1.5335,19452.0
2024-07-24 04:00:00+00:00,1.5379,1.5429,1.5152,1.5429,17080.0
2024-07-24 08:00:00+00:00,1.5437,1.5679,1.5361,1.5673,28975.0
2024-07-24 12:00:00+00:00,1.5682,1.5884,1.5424,1.5486,10715.0
2024-07-24 16:00:00+00:00,1.539,1.5545,1.5111,1.5111,11777.0
2024-07-24 20:00:00+00:00,1.514,1.5208,1.469,1.481,16383.0
2024-07-25 00:00:00+00:00,1.484,1.484,1.4158,1.4246,21338.0
2024-07-25 04:00:00+00:00,1.424,1.4473,1.42,1.4407,9689.0
2024-07-25 08:00:00+00:00,1.4331,1.4493,1.4307,1.4365,13065.0
2024-07-25 12:00:00+00:00,1.432,1.4518,1.4045,1.4338,15873.0
2024-07-25 16:00:00+00:00,1.4372,1.4587,1.3993,1.4114,5170.0
2024-07-25 20:00:00+00:00,1.4152,1.4657,1.392,1.456,9246.0
2024-07-26 00:00:00+00:00,1.4541,1.5094,1.4529,1.5006,15830.0
2024-07-26 04:00:00+00:00,1.4985,1.5168,1.4937,1.4981,9346.0
2024-07-26 08:00:00+00:00,1.4995,1.5066,1.4885,1.4979,4286.0
2024-07-26 12:00:00+00:00,1.4973,1.5069,1.4771,1.4926,7920.0
2024-07-26 16:00:00+00:00,1.4936,1.5149,1.4936,1.5149,5483.0
2024-07-26 20:00:00+00:00,1.5079,1.5424,1.5056,1.5397,19467.0
2024-07-27 00:00:00+00:00,1.5367,1.5855,1.5367,1.5532,9267.0
2024-07-27 04:00:00+00:00,1.5474,1.5671,1.5402,1.5509,6365.0
2024-07-27 08:00:00+00:00,1.5469,1.5469,1.533,1.5394,2487.0
2024-07-27 12:00:00+00:00,1.5398,1.5738,1.4994,1.501,21518.0
2024-07-27 16:00:00+00:00,1.5087,1.5155,1.4743,1.4886,14138.0
2024-07-27 20:00:00+00:00,1.4811,1.5193,1.4551,1.4944,12938.0
2024-07-28 00:00:00+00:00,1.4884,1.4884,1.4753,1.4867,980.0
2024-07-28 04:00:00+00:00,1.4728,1.4731,1.4615,1.4731,7962.0
2024-07-28 08:00:00+00:00,1.4629,1.4826,1.4629,1.4717,3507.0
2024-07-28 12:00:00+00:00,1.4704,1.4771,1.4516,1.4522,4995.0
2024-07-28 16:00:00+00:00,1.4485,1.4584,1.4485,1.4533,13022.0
2024-07-28 20:00:00+00:00,1.4501,1.4501,1.4243,1.4385,10976.0
2024-07-29 00:00:00+00:00,1.4373,1.5296,1.435,1.5096,12857.0
2024-07-29 04:00:00+00:00,1.5141,1.5375,1.5082,1.5372,40359.0
2024-07-29 08:00:00+00:00,1.5385,1.5848,1.5355,1.5735,15806.0
2024-07-29 12:00:00+00:00,1.5752,1.5968,1.5126,1.5394,62348.0
2024-07-29 16:00:00+00:00,1.5401,1.5427,1.5125,1.5125,26566.0
2024-07-29 20:00:00+00:00,1.5207,1.5212,1.4762,1.4886,3585.0
2024-07-30 00:00:00+00:00,1.4917,1.5126,1.4812,1.5096,11550.0
2024-07-30 04:00:00+00:00,1.5092,1.5124,1.491,1.5059,8234.0
2024-07-30 08:00:00+00:00,1.5081,1.5081,1.4723,1.4731,3940.0
2024-07-30 12:00:00+00:00,1.4689,1.4833,1.4576,1.476,10103.0
2024-07-30 16:00:00+00:00,1.4739,1.4793,1.4281,1.4281,6129.0
2024-07-30 20:00:00+00:00,1.4226,1.4282,1.3969,1.4173,12591.0
2024-07-31 00:00:00+00:00,1.4153,1.4324,1.4056,1.4304,5508.0
2024-07-31 04:00:00+00:00,1.4287,1.4729,1.4121,1.4494,8256.0
2024-07-31 08:00:00+00:00,1.4525,1.4529,1.4233,1.4291,8827.0
2024-07-31 12:00:00+00:00,1.4276,1.455,1.4212,1.4212,13497.0
2024-07-31 16:00:00+00:00,1.42,1.446,1.3985,1.4067,25829.0
2024-07-31 20:00:00+00:00,1.4066,1.4107,1.3833,1.3939,9235.0
2024-08-01 00:00:00+00:00,1.3988,1.4007,1.3708,1.3786,9257.0
2024-08-01 04:00:00+00:00,1.3811,1.3824,1.3505,1.3579,29597.0
2024-08-01 08:00:00+00:00,1.3598,1.3714,1.3509,1.3619,23361.0
2024-08-01 12:00:00+00:00,1.3642,1.38,1.3222,1.3237,39444.0
2024-08-01 16:00:00+00:00,1.3213,1.3231,1.2691,1.3217,59746.0
2024-08-01 20:00:00+00:00,1.3053,1.382,1.3049,1.3747,20842.0
2024-08-02 00:00:00+00:00,1.3744,1.3803,1.3288,1.3513,14969.0
2024-08-02 04:00:00+00:00,1.3488,1.3564,1.3084,1.3362,29322.0
2024-08-02 08:00:00+00:00,1.3344,1.3626,1.3203,1.358,9256.0
2024-08-02 12:00:00+00:00,1.3592,1.3842,1.2351,1.3219,317929.0
2024-08-02 16:00:00+00:00,1.3214,1.3214,1.2746,1.2889,52395.0
2024-08-02 20:00:00+00:00,1.2888,1.2984,1.2625,1.2758,19189.0
2024-08-03 00:00:00+00:00,1.2728,1.2795,1.2334,1.2795,52188.0
2024-08-03 04:00:00+00:00,1.2817,1.2817,1.2661,1.2754,4548.0
2024-08-03 08:00:00+00:00,1.263,1.2731,1.2553,1.2705,5670.0
2024-08-03 12:00:00+00:00,1.2694,1.2893,1.2267,1.2282,13637.0
2024-08-03 16:00:00+00:00,1.2272,1.2411,1.1762,1.1762,49183.0
2024-08-03 20:00:00+00:00,1.1767,1.2089,1.1729,1.2051,9954.0
2024-08-04 00:00:00+00:00,1.1995,1.215,1.1903,1.21,9982.0
2024-08-04 04:00:00+00:00,1.2087,1.2143,1.1896,1.1924,9987.0
2024-08-04 08:00:00+00:00,1.1923,1.2018,1.1835,1.1903,11183.0
2024-08-04 12:00:00+00:00,1.1897,1.2001,1.1252,1.1275,39863.0
2024-08-04 16:00:00+00:00,1.1249,1.1505,1.0785,1.1457,73519.0
2024-08-04 20:00:00+00:00,1.1422,1.1496,1.0999,1.0999,30468.0
2024-08-05 00:00:00+00:00,1.1001,1.1118,0.9144,0.9973,218517.0
2024-08-05 04:00:00+00:00,1.0018,1.0242,0.9074,1.0113,161706.0
2024-08-05 08:00:00+00:00,1.0126,1.0127,0.9183,0.9513,106626.0
2024-08-05 12:00:00+00:00,0.9538,1.0549,0.9117,1.0493,134119.0
2024-08-05 16:00:00+00:00,1.0454,1.0785,1.0284,1.0429,46901.0
2024-08-05 20:00:00+00:00,1.0439,1.0648,1.0398,1.0404,13976.0
2024-08-06 00:00:00+00:00,1.0392,1.1128,1.0389,1.1007,30138.0
2024-08-06 04:00:00+00:00,1.1011,1.136,1.0978,1.13,25790.0
2024-08-06 08:00:00+00:00,1.1346,1.1351,1.0979,1.114,31087.0
2024-08-06 12:00:00+00:00,1.1148,1.1668,1.1007,1.147,44549.0
2024-08-06 16:00:00+00:00,1.1471,1.1608,1.1363,1.1378,22173.0
2024-08-06 20:00:00+00:00,1.1369,1.1524,1.13,1.1348,8821.0
2024-08-07 00:00:00+00:00,1.1404,1.184,1.1334,1.1605,23980.0
2024-08-07 04:00:00+00:00,1.1641,1.1792,1.151,1.1574,21824.0
2024-08-07 08:00:00+00:00,1.1552,1.1702,1.1452,1.1463,12714.0
2024-08-07 12:00:00+00:00,1.1419,1.1551,1.0974,1.1054,33638.0
2024-08-07 16:00:00+00:00,1.1073,1.1075,1.0738,1.0832,22147.0
2024-08-07 20:00:00+00:00,1.0836,1.0981,1.0673,1.083,11526.0
2024-08-08 00:00:00+00:00,1.0861,1.1587,1.0817,1.1474,8554.0
2024-08-08 04:00:00+00:00,1.1413,1.1623,1.1394,1.1489,6573.0
2024-08-08 08:00:00+00:00,1.1521,1.1538,1.1276,1.1276,13815.0
2024-08-08 12:00:00+00:00,1.1307,1.1817,1.1225,1.1817,48957.0
2024-08-08 16:00:00+00:00,1.1849,1.1959,1.1803,1.183,20546.0
2024-08-08 20:00:00+00:00,1.1852,1.2365,1.1852,1.2293,12301.0
2024-08-09 00:00:00+00:00,1.2284,1.2425,1.2265,1.2316,13179.0
2024-08-09 04:00:00+00:00,1.2263,1.228,1.205,1.2134,11928.0
2024-08-09 08:00:00+00:00,1.2133,1.2227,1.1961,1.2029,6069.0
2024-08-09 12:00:00+00:00,1.1964,1.2136,1.1768,1.1768,13823.0
2024-08-09 16:00:00+00:00,1.1722,1.1904,1.1722,1.1867,17613.0
2024-08-09 20:00:00+00:00,1.1865,1.1954,1.1764,1.19,6286.0
2024-08-10 00:00:00+00:00,1.1945,1.2133,1.1805,1.1806,12438.0
2024-08-10 04:00:00+00:00,1.1823,1.1922,1.1744,1.1922,1966.0
2024-08-10 08:00:00+00:00,1.1914,1.1973,1.1833,1.1959,11349.0
2024-08-10 12:00:00+00:00,1.1907,1.1981,1.1815,1.1912,13261.0
2024-08-10 16:00:00+00:00,1.1912,1.2057,1.1867,1.1982,6008.0
2024-08-10 20:00:00+00:00,1.2019,1.2019,1.189,1.1891,2428.0
2024-08-11 00:00:00+00:00,1.1894,1.2097,1.1881,1.2037,5546.0
2024-08-11 04:00:00+00:00,1.2027,1.2044,1.1963,1.2008,5084.0
2024-08-11 08:00:00+00:00,1.2029,1.2197,1.1747,1.1796,23765.0
2024-08-11 12:00:00+00:00,1.1784,1.1784,1.1288,1.1288,23040.0
2024-08-11 16:00:00+00:00,1.1315,1.1395,1.1146,1.1197,31796.0
2024-08-11 20:00:00+00:00,1.1119,1.1124,1.092,1.092,4180.0
2024-08-12 00:00:00+00:00,1.0934,1.1106,1.0922,1.1096,13700.0
2024-08-12 04:00:00+00:00,1.1093,1.1289,1.0913,1.1263,15895.0
2024-08-12 08:00:00+00:00,1.1305,1.1663,1.122,1.1663,10819.0
2024-08-12 12:00:00+00:00,1.1636,1.1786,1.111,1.1598,30070.0
2024-08-12 16:00:00+00:00,1.1678,1.1743,1.1465,1.1489,13615.0
2024-08-12 20:00:00+00:00,1.1488,1.1622,1.1326,1.1572,8426.0
2024-08-13 00:00:00+00:00,1.1537,1.1654,1.1273,1.1304,70840.0
2024-08-13 04:00:00+00:00,1.1293,1.1418,1.1293,1.1398,8135.0
2024-08-13 08:00:00+00:00,1.1388,1.1429,1.1244,1.1356,15113.0
2024-08-13 12:00:00+00:00,1.1373,1.1949,1.137,1.1705,66538.0
2024-08-13 16:00:00+00:00,1.1781,1.2379,1.1781,1.2344,27593.0
2024-08-13 20:00:00+00:00,1.2391,1.2595,1.2293,1.2583,7523.0
2024-08-14 00:00:00+00:00,1.2545,1.2635,1.2359,1.249,12017.0
2024-08-14 04:00:00+00:00,1.2392,1.2406,1.2165,1.2378,7221.0
2024-08-14 08:00:00+00:00,1.2325,1.2479,1.2203,1.2294,8884.0
2024-08-14 12:00:00+00:00,1.2262,1.2409,1.1859,1.205,18822.0
2024-08-14 16:00:00+00:00,1.2042,1.2042,1.1868,1.1897,7600.0
2024-08-14 20:00:00+00:00,1.1909,1.1909,1.1742,1.1863,1378.0
2024-08-15 00:00:00+00:00,1.1836,1.1942,1.1755,1.1838,14258.0
2024-08-15 04:00:00+00:00,1.1838,1.1865,1.1598,1.1707,5894.0
2024-08-15 08:00:00+00:00,1.1701,1.1918,1.1695,1.1857,4894.0
2024-08-15 12:00:00+00:00,1.1843,1.2123,1.1806,1.1925,10289.0
2024-08-15 16:00:00+00:00,1.1775,1.1775,1.1155,1.1223,19803.0
2024-08-15 20:00:00+00:00,1.1172,1.1427,1.114,1.1382,14755.0
2024-08-16 00:00:00+00:00,1.127,1.1503,1.1227,1.138,11415.0
2024-08-16 04:00:00+00:00,1.1301,1.1513,1.1301,1.1452,4394.0
2024-08-16 08:00:00+00:00,1.1472,1.1472,1.1247,1.1264,9255.0
2024-08-16 12:00:00+00:00,1.1292,1.1321,1.0884,1.0996,27013.0
2024-08-16 16:00:00+00:00,1.099,1.1348,1.0979,1.1278,9851.0
2024-08-16 20:00:00+00:00,1.1269,1.1269,1.1168,1.1168,2147.0
2024-08-17 00:00:00+00:00,1.1157,1.1205,1.1116,1.1136,1440.0
2024-08-17 04:00:00+00:00,1.1157,1.1175,1.112,1.1175,819.0
2024-08-17 08:00:00+00:00,1.1141,1.1208,1.1115,1.1122,11735.0
2024-08-17 12:00:00+00:00,1.1113,1.1256,1.1113,1.1168,1964.0
2024-08-17 16:00:00+00:00,1.1153,1.1231,1.1106,1.1111,5276.0
2024-08-17 20:00:00+00:00,1.1085,1.1276,1.1085,1.1227,11383.0
2024-08-18 00:00:00+00:00,1.122,1.1281,1.107,1.1089,20206.0
2024-08-18 04:00:00+00:00,1.1048,1.122,1.1033,1.1175,25693.0
2024-08-18 08:00:00+00:00,1.118,1.1438,1.118,1.1369,12534.0
2024-08-18 12:00:00+00:00,1.1372,1.1637,1.1346,1.1446,12923.0
2024-08-18 16:00:00+00:00,1.1484,1.1511,1.1286,1.1367,6181.0
2024-08-18 20:00:00+00:00,1.1389,1.1438,1.1052,1.1053,10264.0
2024-08-19 00:00:00+00:00,1.1046,1.1096,1.0934,1.1018,11332.0
2024-08-19 04:00:00+00:00,1.1011,1.1021,1.0871,1.0987,6242.0
2024-08-19 08:00:00+00:00,1.095,1.1112,1.0828,1.0921,14217.0
2024-08-19 12:00:00+00:00,1.0916,1.1048,1.0761,1.0956,20924.0
2024-08-19 16:00:00+00:00,1.0912,1.1299,1.0866,1.1296,10923.0
2024-08-19 20:00:00+00:00,1.1293,1.1437,1.1273,1.1432,17347.0
2024-08-20 00:00:00+00:00,1.1433,1.1877,1.1433,1.1608,28577.0
2024-08-20 04:00:00+00:00,1.1629,1.1934,1.1534,1.1619,43632.0
2024-08-20 08:00:00+00:00,1.1625,1.1645,1.1444,1.1459,6098.0
2024-08-20 12:00:00+00:00,1.1491,1.1579,1.1122,1.123,13847.0
2024-08-20 16:00:00+00:00,1.1205,1.148,1.1171,1.148,6406.0
2024-08-20 20:00:00+00:00,1.1486,1.1683,1.1439,1.1683,1433.0
2024-08-21 00:00:00+00:00,1.1616,1.1687,1.152,1.1585,27104.0
2024-08-21 04:00:00+00:00,1.1589,1.1763,1.1589,1.1741,19604.0
2024-08-21 08:00:00+00:00,1.1753,1.1789,1.1519,1.1637,29088.0
2024-08-21 12:00:00+00:00,1.1619,1.1856,1.1485,1.1583,43703.0
2024-08-21 16:00:00+00:00,1.1591,1.2055,1.1506,1.2046,57208.0
2024-08-21 20:00:00+00:00,1.2069,1.2092,1.1971,1.209,12539.0
2024-08-22 00:00:00+00:00,1.2101,1.2267,1.1961,1.213,13147.0
2024-08-22 04:00:00+00:00,1.2118,1.228,1.2118,1.2265,6733.0
2024-08-22 08:00:00+00:00,1.2262,1.2505,1.2248,1.2411,81828.0
2024-08-22 12:00:00+00:00,1.2406,1.2486,1.2275,1.2422,23888.0
2024-08-22 16:00:00+00:00,1.2479,1.3304,1.245,1.3034,76597.0
2024-08-22 20:00:00+00:00,1.3044,1.3369,1.2971,1.2971,24144.0
2024-08-23 00:00:00+00:00,1.2997,1.323,1.2941,1.3156,26753.0
2024-08-23 04:00:00+00:00,1.3131,1.3218,1.3079,1.3218,13413.0
2024-08-23 08:00:00+00:00,1.3208,1.3348,1.3163,1.3165,31655.0
2024-08-23 12:00:00+00:00,1.3172,1.38,1.3172,1.3736,73354.0
2024-08-23 16:00:00+00:00,1.3744,1.4278,1.3719,1.4226,29734.0
2024-08-23 20:00:00+00:00,1.424,1.45,1.4195,1.4303,48518.0
2024-08-24 00:00:00+00:00,1.4322,1.4615,1.4287,1.4326,13113.0
2024-08-24 04:00:00+00:00,1.4345,1.4383,1.4236,1.4291,4601.0
2024-08-24 08:00:00+00:00,1.4283,1.4583,1.425,1.4513,8214.0
2024-08-24 12:00:00+00:00,1.4482,1.4775,1.4465,1.4583,38247.0
2024-08-24 16:00:00+00:00,1.4574,1.5142,1.4537,1.5078,12582.0
2024-08-24 20:00:00+00:00,1.5084,1.5098,1.4556,1.4814,14011.0
2024-08-25 00:00:00+00:00,1.4792,1.4911,1.4357,1.4571,18465.0
2024-08-25 04:00:00+00:00,1.4579,1.4705,1.4059,1.4136,25118.0
2024-08-25 08:00:00+00:00,1.4136,1.463,1.4079,1.4541,2242.0
2024-08-25 12:00:00+00:00,1.4495,1.5048,1.4481,1.4885,9270.0
2024-08-25 16:00:00+00:00,1.4797,1.5015,1.3801,1.4819,234568.0
2024-08-25 20:00:00+00:00,1.4846,1.5355,1.4844,1.4953,26420.0
2024-08-26 00:00:00+00:00,1.4952,1.507,1.4642,1.4788,9943.0
2024-08-26 04:00:00+00:00,1.4841,1.4863,1.4583,1.4672,7092.0
2024-08-26 08:00:00+00:00,1.4614,1.4979,1.4557,1.4888,11722.0
2024-08-26 12:00:00+00:00,1.488,1.5072,1.4629,1.4775,17587.0
2024-08-26 16:00:00+00:00,1.4671,1.4732,1.4204,1.4211,38799.0
2024-08-26 20:00:00+00:00,1.4227,1.4383,1.4148,1.4201,7647.0
2024-08-27 00:00:00+00:00,1.426,1.493,1.4253,1.4801,17293.0
2024-08-27 04:00:00+00:00,1.4777,1.5189,1.4665,1.4698,23752.0
2024-08-27 08:00:00+00:00,1.469,1.476,1.4122,1.4259,32028.0
2024-08-27 12:00:00+00:00,1.4247,1.4303,1.397,1.4044,35670.0
2024-08-27 16:00:00+00:00,1.396,1.441,1.3833,1.4123,14725.0
2024-08-27 20:00:00+00:00,1.4049,1.4082,1.3119,1.3528,48919.0
2024-08-28 00:00:00+00:00,1.3422,1.4032,1.3326,1.397,57019.0
2024-08-28 04:00:00+00:00,1.3892,1.3892,1.3528,1.3551,27672.0
2024-08-28 08:00:00+00:00,1.3506,1.4547,1.3492,1.444,83163.0
2024-08-28 12:00:00+00:00,1.4458,1.4592,1.386,1.3982,48119.0
2024-08-28 16:00:00+00:00,1.3921,1.4574,1.3589,1.4309,68860.0
2024-08-28 20:00:00+00:00,1.4364,1.4727,1.4035,1.4388,52778.0
2024-08-29 00:00:00+00:00,1.4411,1.4504,1.4119,1.4376,32883.0
2024-08-29 04:00:00+00:00,1.4491,1.5098,1.4421,1.5032,96533.0
2024-08-29 08:00:00+00:00,1.5042,1.5093,1.4682,1.4711,143504.0
2024-08-29 12:00:00+00:00,1.4696,1.5166,1.4618,1.4702,80077.0
2024-08-29 16:00:00+00:00,1.4701,1.4898,1.4121,1.4437,107433.0
2024-08-29 20:00:00+00:00,1.4453,1.4644,1.433,1.4566,52256.0
2024-08-30 00:00:00+00:00,1.4559,1.4701,1.4253,1.4273,69241.0
2024-08-30 04:00:00+00:00,1.4295,1.4847,1.4105,1.4781,59717.0
2024-08-30 08:00:00+00:00,1.4727,1.4727,1.4351,1.4351,49414.0
2024-08-30 12:00:00+00:00,1.4317,1.4518,1.3244,1.3323,87097.0
2024-08-30 16:00:00+00:00,1.3304,1.4019,1.324,1.3711,30400.0
2024-08-30 20:00:00+00:00,1.3659,1.4243,1.3659,1.4229,16428.0
2024-08-31 00:00:00+00:00,1.4246,1.5056,1.4187,1.4643,69254.0
2024-08-31 04:00:00+00:00,1.4677,1.4839,1.4564,1.4714,22525.0
2024-08-31 08:00:00+00:00,1.4741,1.4835,1.45,1.4621,40286.0
2024-08-31 12:00:00+00:00,1.4564,1.4564,1.3641,1.3695,67562.0
2024-08-31 16:00:00+00:00,1.3698,1.3698,1.3342,1.3508,55018.0
2024-08-31 20:00:00+00:00,1.3463,1.376,1.3437,1.3595,27267.0
2024-09-01 00:00:00+00:00,1.3595,1.3595,1.3366,1.3373,23638.0
2024-09-01 04:00:00+00:00,1.3375,1.344,1.3244,1.33,39129.0
2024-09-01 08:00:00+00:00,1.3331,1.3331,1.305,1.3145,27069.0
2024-09-01 12:00:00+00:00,1.3144,1.3193,1.2744,1.3174,34542.0
2024-09-01 16:00:00+00:00,1.3176,1.3695,1.3088,1.3312,73706.0
2024-09-01 20:00:00+00:00,1.3365,1.343,1.2571,1.2846,89308.0
2024-09-02 00:00:00+00:00,1.2837,1.2934,1.26,1.2776,35336.0
2024-09-02 04:00:00+00:00,1.2789,1.2789,1.2443,1.2443,48467.0
2024-09-02 08:00:00+00:00,1.243,1.2917,1.2379,1.2736,70839.0
2024-09-02 12:00:00+00:00,1.2695,1.2739,1.2352,1.2471,22724.0
2024-09-02 16:00:00+00:00,1.2484,1.2645,1.2355,1.2452,24446.0
2024-09-02 20:00:00+00:00,1.2446,1.2847,1.2446,1.2655,24067.0
2024-09-03 00:00:00+00:00,1.2633,1.2807,1.253,1.253,29309.0
2024-09-03 04:00:00+00:00,1.2569,1.2623,1.2442,1.2523,48397.0
2024-09-03 08:00:00+00:00,1.2515,1.2515,1.2213,1.2235,63423.0
2024-09-03 12:00:00+00:00,1.2264,1.2351,1.1698,1.1704,92737.0
2024-09-03 16:00:00+00:00,1.1712,1.1989,1.1706,1.1857,22948.0
2024-09-03 20:00:00+00:00,1.1868,1.1895,1.1673,1.1696,13390.0
2024-09-04 00:00:00+00:00,1.1722,1.1851,1.1201,1.1832,62428.0
2024-09-04 04:00:00+00:00,1.1801,1.2049,1.1764,1.2049,62721.0
2024-09-04 08:00:00+00:00,1.2051,1.2301,1.1978,1.1995,55066.0
2024-09-04 12:00:00+00:00,1.2021,1.2391,1.1952,1.2391,39286.0
2024-09-04 16:00:00+00:00,1.2402,1.2963,1.2306,1.2419,81479.0
2024-09-04 20:00:00+00:00,1.2437,1.2527,1.227,1.2295,31136.0
2024-09-05 00:00:00+00:00,1.2277,1.2341,1.1842,1.1854,54906.0
2024-09-05 04:00:00+00:00,1.1883,1.2003,1.1788,1.2003,20549.0
2024-09-05 08:00:00+00:00,1.1965,1.2033,1.1865,1.1925,17267.0
2024-09-05 12:00:00+00:00,1.1969,1.2125,1.1719,1.1769,44613.0
2024-09-05 16:00:00+00:00,1.1762,1.1825,1.1615,1.1642,34824.0
2024-09-05 20:00:00+00:00,1.1674,1.1764,1.1605,1.1663,9971.0
2024-09-06 00:00:00+00:00,1.1639,1.199,1.1619,1.1855,10023.0
2024-09-06 04:00:00+00:00,1.1832,1.1856,1.161,1.1722,10567.0
2024-09-06 08:00:00+00:00,1.1711,1.1799,1.1593,1.1686,11899.0
2024-09-06 12:00:00+00:00,1.1724,1.2119,1.1504,1.1699,123010.0
2024-09-06 16:00:00+00:00,1.1701,1.1801,1.1329,1.1402,68070.0
2024-09-06 20:00:00+00:00,1.1346,1.1534,1.1033,1.1484,106831.0
2024-09-07 00:00:00+00:00,1.1453,1.1736,1.1445,1.1696,16978.0
2024-09-07 04:00:00+00:00,1.1662,1.1956,1.1662,1.1794,23033.0
2024-09-07 08:00:00+00:00,1.1818,1.2018,1.1788,1.1963,20671.0
2024-09-07 12:00:00+00:00,1.1988,1.2087,1.1976,1.2011,15526.0
2024-09-07 16:00:00+00:00,1.1942,1.1989,1.1824,1.1966,13080.0
2024-09-07 20:00:00+00:00,1.1924,1.1924,1.1687,1.1776,12785.0
2024-09-08 00:00:00+00:00,1.1797,1.1904,1.1735,1.1888,25280.0
2024-09-08 04:00:00+00:00,1.1952,1.206,1.1942,1.202,11004.0
2024-09-08 08:00:00+00:00,1.2008,1.2117,1.1929,1.195,66686.0
2024-09-08 12:00:00+00:00,1.196,1.196,1.1829,1.1852,33024.0
2024-09-08 16:00:00+00:00,1.1832,1.196,1.1783,1.196,39614.0
2024-09-08 20:00:00+00:00,1.1933,1.2265,1.1928,1.2068,35156.0
2024-09-09 00:00:00+00:00,1.202,1.2136,1.1964,1.2064,13351.0
2024-09-09 04:00:00+00:00,1.208,1.2121,1.1928,1.2121,8952.0
2024-09-09 08:00:00+00:00,1.2255,1.2425,1.2219,1.226,33576.0
2024-09-09 12:00:00+00:00,1.2254,1.2424,1.2116,1.2353,52243.0
2024-09-09 16:00:00+00:00,1.2414,1.2709,1.2408,1.2707,29803.0
2024-09-09 20:00:00+00:00,1.2726,1.2839,1.2581,1.2581,11342.0
2024-09-10 00:00:00+00:00,1.2587,1.2593,1.2337,1.2337,7879.0
2024-09-10 04:00:00+00:00,1.237,1.2589,1.2341,1.2574,20867.0
2024-09-10 08:00:00+00:00,1.2567,1.2593,1.2395,1.2581,45075.0
2024-09-10 12:00:00+00:00,1.2557,1.2655,1.2425,1.2475,32347.0
2024-09-10 16:00:00+00:00,1.2505,1.3126,1.2505,1.3126,36374.0
2024-09-10 20:00:00+00:00,1.3107,1.3272,1.2933,1.3014,33774.0
2024-09-11 00:00:00+00:00,1.3012,1.3012,1.2617,1.2756,44130.0
2024-09-11 04:00:00+00:00,1.2714,1.2714,1.2449,1.2685,6250.0
2024-09-11 08:00:00+00:00,1.2664,1.2665,1.2274,1.2385,20119.0
2024-09-11 12:00:00+00:00,1.2378,1.2587,1.2041,1.239,30553.0
2024-09-11 16:00:00+00:00,1.2372,1.2737,1.2372,1.2553,52711.0
2024-09-11 20:00:00+00:00,1.2584,1.2625,1.2477,1.253,11877.0
2024-09-12 00:00:00+00:00,1.2546,1.2739,1.2546,1.2661,12934.0
2024-09-12 04:00:00+00:00,1.2638,1.2758,1.2517,1.2609,9964.0
2024-09-12 08:00:00+00:00,1.2616,1.2733,1.2572,1.2577,46533.0
2024-09-12 12:00:00+00:00,1.2602,1.2714,1.2315,1.2315,24168.0
2024-09-12 16:00:00+00:00,1.2309,1.2519,1.2305,1.2479,40226.0
2024-09-12 20:00:00+00:00,1.2469,1.2613,1.2444,1.253,30319.0
2024-09-13 00:00:00+00:00,1.2503,1.251,1.234,1.2391,14410.0
2024-09-13 04:00:00+00:00,1.2301,1.2371,1.2254,1.2334,40539.0
2024-09-13 08:00:00+00:00,1.2333,1.2438,1.2266,1.2266,23132.0
2024-09-13 12:00:00+00:00,1.2267,1.3005,1.219,1.2955,38475.0
2024-09-13 16:00:00+00:00,1.2988,1.3197,1.2833,1.3132,26616.0
2024-09-13 20:00:00+00:00,1.3115,1.3319,1.3083,1.3208,19892.0
2024-09-14 00:00:00+00:00,1.3244,1.3252,1.3091,1.3111,15754.0
2024-09-14 04:00:00+00:00,1.3075,1.3075,1.2902,1.2968,11764.0
2024-09-14 08:00:00+00:00,1.2971,1.2998,1.2778,1.279,23959.0
2024-09-14 12:00:00+00:00,1.2799,1.2942,1.2799,1.2934,9108.0
2024-09-14 16:00:00+00:00,1.2957,1.3107,1.2889,1.3107,15942.0
2024-09-14 20:00:00+00:00,1.3079,1.321,1.3072,1.3208,9531.0
2024-09-15 00:00:00+00:00,1.3216,1.3402,1.3147,1.3246,14155.0
2024-09-15 04:00:00+00:00,1.3232,1.3424,1.3121,1.3391,13665.0
2024-09-15 08:00:00+00:00,1.3437,1.3468,1.3088,1.3224,23491.0
2024-09-15 12:00:00+00:00,1.3195,1.3452,1.3163,1.3403,15844.0
2024-09-15 16:00:00+00:00,1.3372,1.3383,1.3168,1.3283,18425.0
2024-09-15 20:00:00+00:00,1.3286,1.3292,1.2753,1.2795,43687.0
2024-09-16 00:00:00+00:00,1.2788,1.2788,1.2304,1.2484,66988.0
2024-09-16 04:00:00+00:00,1.2485,1.2592,1.2404,1.2571,30185.0
2024-09-16 08:00:00+00:00,1.2551,1.276,1.2411,1.2473,52487.0
2024-09-16 12:00:00+00:00,1.2472,1.2509,1.2126,1.2345,49755.0
2024-09-16 16:00:00+00:00,1.2317,1.2398,1.2196,1.2322,24320.0
2024-09-16 20:00:00+00:00,1.2274,1.2302,1.2147,1.2287,13727.0
2024-09-17 00:00:00+00:00,1.223,1.2451,1.2137,1.2328,76154.0
2024-09-17 04:00:00+00:00,1.2332,1.2557,1.2332,1.2522,54899.0
2024-09-17 08:00:00+00:00,1.2536,1.3392,1.2536,1.3137,63535.0
2024-09-17 12:00:00+00:00,1.3208,1.4552,1.3208,1.4167,290455.0
2024-09-17 16:00:00+00:00,1.419,1.4433,1.3974,1.4087,141032.0
2024-09-17 20:00:00+00:00,1.408,1.4172,1.3707,1.3928,73537.0
2024-09-18 00:00:00+00:00,1.3938,1.394,1.3595,1.3863,43974.0
2024-09-18 04:00:00+00:00,1.3806,1.3904,1.36,1.3714,25484.0
2024-09-18 08:00:00+00:00,1.3676,1.373,1.34,1.3458,83388.0
2024-09-18 12:00:00+00:00,1.3422,1.3496,1.3072,1.3117,41213.0
2024-09-18 16:00:00+00:00,1.3063,1.39,1.3038,1.3475,146031.0
2024-09-18 20:00:00+00:00,1.3463,1.3937,1.3332,1.3937,70869.0
2024-09-19 00:00:00+00:00,1.3923,1.4168,1.3587,1.4071,92049.0
2024-09-19 04:00:00+00:00,1.4058,1.4566,1.3938,1.4549,68592.0
2024-09-19 08:00:00+00:00,1.4548,1.4733,1.4245,1.4479,47354.0
2024-09-19 12:00:00+00:00,1.4438,1.5092,1.4378,1.4785,90411.0
2024-09-19 16:00:00+00:00,1.4812,1.5328,1.4794,1.5057,69013.0
2024-09-19 20:00:00+00:00,1.5073,1.5376,1.4931,1.5062,37715.0
2024-09-20 00:00:00+00:00,1.5019,1.5377,1.479,1.5364,42427.0
2024-09-20 04:00:00+00:00,1.5319,1.6225,1.53,1.5685,95091.0
2024-09-20 08:00:00+00:00,1.5671,1.5995,1.5479,1.5747,60128.0
2024-09-20 12:00:00+00:00,1.5847,1.6321,1.5622,1.5845,89780.0
2024-09-20 16:00:00+00:00,1.5889,1.5904,1.5552,1.5689,32486.0
2024-09-20 20:00:00+00:00,1.5713,1.5795,1.5655,1.5709,4821.0
2024-09-21 00:00:00+00:00,1.5555,1.5711,1.5365,1.5399,41352.0
2024-09-21 04:00:00+00:00,1.534,1.5494,1.5125,1.5436,70722.0
2024-09-21 08:00:00+00:00,1.5422,1.5676,1.5336,1.5662,14997.0
2024-09-21 12:00:00+00:00,1.5664,1.6204,1.5639,1.6193,53938.0
2024-09-21 16:00:00+00:00,1.6222,1.643,1.6096,1.6272,25524.0
2024-09-21 20:00:00+00:00,1.631,1.6589,1.6136,1.6514,11273.0
2024-09-22 00:00:00+00:00,1.6526,1.659,1.5998,1.6048,11560.0
2024-09-22 04:00:00+00:00,1.6085,1.6183,1.5998,1.5998,4780.0
2024-09-22 08:00:00+00:00,1.5998,1.621,1.5873,1.6134,42095.0
2024-09-22 12:00:00+00:00,1.6196,1.6321,1.5984,1.6245,32799.0
2024-09-22 16:00:00+00:00,1.6274,1.6872,1.6072,1.6692,45606.0
2024-09-22 20:00:00+00:00,1.6727,1.7102,1.6251,1.6814,42454.0
2024-09-23 00:00:00+00:00,1.6829,1.805,1.6476,1.7811,69800.0
2024-09-23 04:00:00+00:00,1.7974,1.8275,1.7714,1.8106,131153.0
2024-09-23 08:00:00+00:00,1.8106,1.8329,1.7956,1.8041,127976.0
2024-09-23 12:00:00+00:00,1.8025,1.8659,1.7888,1.845,132111.0
2024-09-23 16:00:00+00:00,1.8463,1.8463,1.7899,1.7968,44313.0
2024-09-23 20:00:00+00:00,1.8003,1.8114,1.7809,1.8032,35349.0
2024-09-24 00:00:00+00:00,1.8061,1.8117,1.7404,1.7502,64638.0
2024-09-24 04:00:00+00:00,1.751,1.7563,1.7344,1.7508,32107.0
2024-09-24 08:00:00+00:00,1.7493,1.7744,1.7443,1.7549,44525.0
2024-09-24 12:00:00+00:00,1.754,1.7675,1.7281,1.7444,46150.0
2024-09-24 16:00:00+00:00,1.7429,1.7831,1.7429,1.7818,43402.0
2024-09-24 20:00:00+00:00,1.7803,1.7856,1.755,1.7846,31624.0
2024-09-25 00:00:00+00:00,1.7846,1.804,1.7546,1.7861,99408.0
2024-09-25 04:00:00+00:00,1.7806,1.7976,1.7355,1.7397,34806.0
2024-09-25 08:00:00+00:00,1.7369,1.7812,1.7262,1.7583,52761.0
2024-09-25 12:00:00+00:00,1.7544,1.774,1.7363,1.7489,31074.0
2024-09-25 16:00:00+00:00,1.7535,1.7668,1.7288,1.7433,25033.0
2024-09-25 20:00:00+00:00,1.7552,1.7627,1.7193,1.7247,22242.0
2024-09-26 00:00:00+00:00,1.7243,1.7613,1.6941,1.756,43644.0
2024-09-26 04:00:00+00:00,1.7556,1.8025,1.7472,1.8025,85837.0
2024-09-26 08:00:00+00:00,1.8017,1.8463,1.8017,1.8225,51950.0
2024-09-26 12:00:00+00:00,1.8168,1.8399,1.7914,1.8191,47705.0
2024-09-26 16:00:00+00:00,1.8169,1.8244,1.773,1.7746,30035.0
2024-09-26 20:00:00+00:00,1.7813,1.7814,1.752,1.7705,12407.0
2024-09-27 00:00:00+00:00,1.7712,1.8079,1.763,1.8006,28298.0
2024-09-27 04:00:00+00:00,1.8003,1.8534,1.8001,1.8385,42060.0
2024-09-27 08:00:00+00:00,1.8415,1.8617,1.7646,1.7742,36221.0
2024-09-27 12:00:00+00:00,1.7827,1.8213,1.7797,1.7979,40240.0
2024-09-27 16:00:00+00:00,1.7999,1.8265,1.7843,1.7843,21733.0
2024-09-27 20:00:00+00:00,1.7885,1.8293,1.7775,1.8166,29180.0
2024-09-28 00:00:00+00:00,1.8208,1.8298,1.7929,1.8016,17773.0
2024-09-28 04:00:00+00:00,1.7979,1.7979,1.7542,1.7669,15209.0
2024-09-28 08:00:00+00:00,1.7637,1.7815,1.723,1.7758,33192.0
2024-09-28 12:00:00+00:00,1.7771,1.7777,1.7332,1.7552,64877.0
2024-09-28 16:00:00+00:00,1.7542,1.7679,1.7484,1.7677,34610.0
2024-09-28 20:00:00+00:00,1.7696,1.7764,1.7485,1.7764,8554.0
2024-09-29 00:00:00+00:00,1.7772,1.7876,1.7472,1.782,42005.0
2024-09-29 04:00:00+00:00,1.7832,1.7917,1.7342,1.736,14512.0
2024-09-29 08:00:00+00:00,1.7389,1.7647,1.7343,1.7622,20872.0
2024-09-29 12:00:00+00:00,1.7691,1.807,1.7322,1.7984,32452.0
2024-09-29 16:00:00+00:00,1.8135,1.8386,1.8055,1.8227,36991.0
2024-09-29 20:00:00+00:00,1.821,1.8525,1.7893,1.8056,26176.0
2024-09-30 00:00:00+00:00,1.7952,1.8098,1.7129,1.7365,45725.0
